Job Title,Location,Date Posted,Description,Responsibilities,Minimum Qualifications,Preferred Qualifications,Apply Link
Capabilities & Insights Analyst,"Gurugram, Life Sciences, Operations",NA,"Degree in Pharmacy/Biotech; MBA/M.S.(Pharmacy)/M.Tech (Biotech) is preferred; 2+ years of work experience in Indian pharmaceutical operations consulting/industry such as supply chain, manufacturing, quality, procurement is essential; Understanding of economic, financial, and general business concepts and terminology is essential; Strong IT skills, including proficiency with Excel, Word, PowerPoint, and basic business tools; Analytics skills and knowledge of SAS, SPSS, Alteryx and Tableau is a plus; Ability to structure ambiguous problems and take action to solve them; Ability to adapt in a dynamic environment with evolving requirements; Comfort in working with diverse teams to come up with the best solution and move people and organizations to act; Ability to establish trust-based relationships with colleagues and clients",NA,NA,NA,https://mckinsey.avature.net/careers/ApplicationMethods?folderId=94448
Capabilities & Insights Team Lead - Service Operations,"Gurugram, Healthcare Systems & Services, Operations",NA,"A strong academic background with a graduate degree is essential; advanced degree in business, economics, or an MBA is preferred.; 2+ years of relevant experience in team management and knowledge management.; Proven track record of successfully managing teams or delivering complex projects on an international or regional scale.; Strong stakeholder management skills with experience in diverse cultural environments.; Ability to effectively coach and mentor team members from various backgrounds, providing guidance and support to enhance their performance and development.; Demonstrated success in developing sustainable tools, solutions, or assets.; Familiarity with Service Operations, combined with an understanding of economic and business implications.; High level of initiative and accountability, demonstrating proactive behavior and taking responsibility for outcomes.; Excellent problem-solving, analytical, and quantitative skills, coupled with an innovative mindset, essential for analyzing problems, thinking quantitatively, and developing creative solutions.; Proficiency in written and verbal communication in English is required for clear and effective communication.; Maintaining professional conduct, adhering to high work standards, and exhibiting maturity in all interactions are critical attributes for this role.",NA,NA,NA,https://mckinsey.avature.net/careers/ApplicationMethods?folderId=95251
"Category Operations Manager, Air","Gurugram, Kuala Lumpur, New Delhi, Seoul, Travel, Transport & Logistics, Operations",NA,"Bachelor's/ Masters’ degree or equivalent; Exceptional understanding of airline commercial proposition and related sectors: business/ online travel agencies, content aggregators, travel technologies, and corporate travel segment; Recognizes patterns and applies problem-solving approaches; synthesizes insights into clear recommendations and identifies creative solutions to problems; Strong attention to detail and excellent analytical skills, ability to work with large data sets and extract meaningful insights; Skills to communicate complex ideas effectively and influence stakeholders at all levels; Consulting and project management skills; Must be able to work with minimal supervision; 7+ years of relevant experience, with at least 3-5 years in relevant travel category",NA,NA,NA,https://mckinsey.avature.net/careers/ApplicationMethods?folderId=94289
Data Engineer - Platform generative AI,"Bengaluru, Gurugram, High Tech, Technology",NA,"3+ years of professional experience as a data engineer, with a strong focus on cloud- based data engineering using AWS services; Expertise with Python development; Practicing high coding standards with clean code, modularity, error handling, testing automation and more; Strong experience with relational databases; Very driven, super strong on execution and output orientation, likes to get job done attitude and ability to figure things out independently; able to work in complex and very fast paced environment; Hands-on experience with Docker; Solid and demonstrable background in data pipeline performance and diagnostics; Interest in generative AI and other ML topics; Kedro framework experience as a plus; Holds their ground, opinionated, not afraid to speak up at any level; Familiarity with agile principles and product development; Excellent problem-solving skills and the ability to analyze and resolve complex data engineering challenges; Strong communication and collaboration skills, with the ability to work effectively in a cross-functional team environment",NA,NA,NA,https://mckinsey.avature.net/careers/ApplicationMethods?folderId=95398
Data Engineer II,"Bengaluru, Gurugram, Technology",NA,"Bachelor's degree in computer science or related field; master's degree is a plus; 2-5 years of relevant work experience; Experience with at least one of the following technologies: Python, Scala, Java; Strong proven experience on distributed processing frameworks (Spark, Hadoop, EMR) and SQL is very much expected Commercial client- facing project experience is helpful, including working in close-knit teams; Ability to work across structured, semi-structured, and unstructured data, extracting information and identifying linkages across disparate data sets; Proven ability in clearly communicating complex solutions; strong attention to detail; Understanding of information security principles to ensure compliant handling and management of client data Experience and interest in Cloud platforms such as: AWS, Azure, Google Platform or Databricks; Good to have experience in CI/CD using GitHub Actions or CircleCI or any other CI/CD tech stack and experience in end to end pipeline development including application deployment",NA,NA,NA,https://mckinsey.avature.net/careers/ApplicationMethods?folderId=95807
"Data Science Analyst, Capabilities & Insights Analytics - Periscope","Bengaluru, Gurugram, Retail, Marketing & Sales",NA,"Mandatory master's degree in: statistics, economics, econometrics, computer science, engineering, mathematics, MBA (with a strong quantitative background); 2+ years of relevant work experience with an analytics firm in the field of business intelligence, statistics and/or Advanced Analytics; Statistical programming software experience in Python and comfortable working with large data sets; R & SQL are also preferred; Ability to handle data in large volumes (data manipulation, data cleansing and matching) through tools like R, SQL, Excel VBA; Excellent analytical and problem-solving skills, including the ability to disaggregate issues, identify root causes and recommend solutions; Adept in forecasting, regression analysis and segmentation work; Understanding of modeling techniques and specifically logistic regression, linear regression, cluster analysis, CHAID, etc.; Industry experience in consumer goods/telecom/retail a plus; Ability to interact in a fluid, demanding and unstructured environment where priorities evolve constantly and methodologies are regularly challenged; Ability to work under pressure and deliver on tight deadlines",NA,NA,NA,https://mckinsey.avature.net/careers/ApplicationMethods?folderId=93527
Data Scientist II,"Bengaluru, Gurugram",NA,"Bachelor's or master's level in a discipline such as: computer science, machine learning, applied statistics, mathematics, engineering or artificial intelligence; 2+ years of deep technical experience in machine learning, advanced analytics and statistics; Advanced programming expertise in Python; Proven application of advanced analytical, data science and statistical methods in realworld engagements; Good presentation and communication skills, with a knack for explaining complex analytical concepts and insights to technical as well as non-technical audiences; Knowledge in Engineering standards, QA/Risk Management; Experience and expertise In GenAI application development (RAG, Agentic flows, etc.) using API integration and orchestration tools such as Langchains, Crew.AI, AutoGen will be an added advantage; Willingness to travel both domestic and international",NA,NA,NA,https://mckinsey.avature.net/careers/ApplicationMethods?folderId=95589
Engagement Manager- Advance Industries,"Bengaluru, Chennai, Gurugram, Kolkata, Mumbai",NA,"Bachelor’s degree with consistent outstanding academic record; advanced degree or MBA is preferred; 6+ years of business management or consulting experience in a reputed company Proven record of high performance and substantial achievements in your past positions; Deep expertise in industries such as Automotive, Industrial B2B, Machinery, Semiconductors, Electronics etc.; Solid functional knowledge, including but not limited to strategy, business development, manufacturing, supply chain, product development, project management, marketing and sales, etc.; Outstanding records of academic and managerial or professional achievement; Exceptional analytical and quantitative problem solving skills; Demonstrated leadership ability in a team environment Initiative taker, eager to break new ground, create opportunities for others; Willingness to take personal risks - as seen through leadership roles - in work environment and extracurricular activities Ability to work effectively with people at all levels in an organization; Skills to communicate complex ideas effectively",NA,NA,NA,https://mckinsey.avature.net/careers/ApplicationMethods?folderId=95510
Executive Assistant,"Bengaluru, Chennai, Gurugram, Mumbai",NA,"4+ years of relevant work experience; Excellent written and oral communications skills; Working knowledge of Word, Excel, PowerPoint and Outlook; Sufficient knowledge of all travel related services – air and train tickets, hotels, cars, passports, visas, foreign exchange and international credit cards; Ability to plan, organize and execute major meetings and conferences, involving multiple international time zones and cultures, in a calm and professional manner; Professional phone and executive presence; able to handle calls promptly, take accurate messages and, if required, respond appropriately; Ability to use sound judgment to make decisions and a pragmatic approach to problem solving; Ability to multi-task effectively and collaboratively in a deadline driven, high pressure environment with a high tolerance for ambiguity; Ability to communicate effectively with all concerned to ensure high quality end-product",NA,NA,NA,https://mckinsey.avature.net/careers/ApplicationMethods?folderId=94209
Executive Assistant,"Bengaluru, Chennai, Gurugram",NA,"Ability to communicate effectively, both verbally and in writing, in English (C1 level – CEFR or equivalent); University degree or equivalent educational qualification; 1+ years of professional experience preferred; Strong email and calendaring skills; Solid knowledge of Windows and Microsoft Office applications; Outlook proficiency preferred; Outstanding customer orientation and ability to professionally handle confidential and/or sensitive information; Excellent administrative, organizational, and problem-solving skills; Ability to work effectively in a fast-paced, deadline-driven environment (including prioritization skills, flexibility toward change, sense of urgency, and dealing with ambiguity); Strong attention to detail, can-do attitude, and ownership mindset; Eagerness to learn, collaborate, and share knowledge and experiences across regions and teams; Ability to establish and strengthen relationships with colleagues, customers, and external vendors across the globe",NA,NA,NA,https://mckinsey.avature.net/careers/ApplicationMethods?folderId=94240
Finance Assistant Operations Manager - Cell Ops,"Chennai, Financial Services, Firm Administration",NA,"University degree, preferably in finance/accounting or business administration combined with sound knowledge in finance and accounting; Good working knowledge of SAP, Microsoft Office and accounting concepts; Prior experience on automations such as OCR, RPA or analytics is preferable but not required; 1+ years of experience in handling team leads and teams comprising 8 to 12 members; 4+ years of work experience with 2 years of experience in leading general accounting function in a multi-national shared services environment",NA,NA,NA,https://mckinsey.avature.net/careers/ApplicationMethods?folderId=95209
Finance Assistant Project Manager - Fixed Assets,"Chennai, Financial Services, Firm Administration",NA,"Graduation in accounting/finance or CA or ICWA; Overall accounting experience of 10 to 12 years, with 5 to 6 years of core Fixed Assets experience in an SAP environment; Strong understanding of accounting principles and Fixed Assets accounting; Proven ability to troubleshoot and resolve FA-related issues; Experience in audit preparation and support; Strong analytical and problem-solving skills; Ability to work independently and manage multiple priorities; Excellent communication and leadership skills; Exposure to Reconciliation Tool - Blackline",NA,NA,NA,https://mckinsey.avature.net/careers/ApplicationMethods?folderId=94944
Finance Process Lead - Global Payroll,"Chennai, Gurugram, Financial Services, Firm Administration",NA,"Bachelor's degree in accounting, finance or related fields preferred; 6+ years of work experience within a multinational shared services environment; Knowledge of payroll regulation and practices in Canada, including compliance with income tax and social security obligations is crucial; Experience in government reporting, managing payroll data, payroll calculation, government reporting and declaration and annual T4 preparation and filing is required; Fluent in English, with strong verbal and written communication skills; Ability to interact effective with people at all levels in our organization, as well as external accounts; Proficiency in using payroll systems such as SAP and ADP; Strong knowledge in payroll end-to-end processing, accounting concepts and Microsoft office; Ability to work independently and effectively in a fast-paced environment with tight deadlines; Ability to prioritize and deliver; Take complete ownership of assigned responsibilities; Highly organized and detail oriented; Ability to deal with concepts and ambiguity; Ability to use logic and methods to solve difficult problems with effective solution; Excellent judgment and ability to maintain confidentiality of sensitive information",NA,NA,NA,https://mckinsey.avature.net/careers/ApplicationMethods?folderId=94571
Finance Specialist,"Gurugram, Financial Services, Firm Administration",NA,"Accounting or finance degree; CPA or CA required; MBA a plus; 8+ years of experience in Risk Assessments, Controls testing or Compliance space, preferably within accounting or finance domain; Knowledge of SAP S/4 HANA, AuditBoard a plus; Strong knowledge of US GAAP/ IFRS experience is a added advantage; Strong risk & controls domain knowledge; Strong understanding of general accounting concepts with an ability to perform technical accounting research; Excellent organizational ability and keen attention to detail; Ability to prioritize and manage multiple tasks; ability to perform well under pressure and meet time-sensitive deadlines; Strong interpersonal and communication skills",NA,NA,NA,https://mckinsey.avature.net/careers/ApplicationMethods?folderId=94272
Finance Specialist - Cell Operations,Gurugram,NA,"CA, CA Inter, or master’s degree in finance, Accounting, or a related field; 7+ years of relevant work experience, with at least 2+ years in working on audit functions or supporting audit in a multinational shared services environment; Strong understanding of finance processes and accounting concepts, particularly Procure-to-Pay (P2P), Order-to-Cash (O2C), and Record-to-Report (R2R); Good working knowledge of SAP cloud environment, Microsoft Office and good understanding of reporting tool; Knowledge of internal control frameworks and compliance standards; Strong project management and process improvement skills; Excellent communication and interpersonal skills, with the ability to work effectively with cross-functional teams; Problem-solving abilities, with a focus on delivering practical, scalable solutions; High attention to detail and commitment to quality and ability to work under pressure, manage multiple priorities, and meet deadlines; High level of flexibility to take additional responsibility and attitude of continuous learning mindset; Willingness to challenging project",NA,NA,NA,https://mckinsey.avature.net/careers/ApplicationMethods?folderId=95378
Finance Specialist - Client Finance,"Gurugram, Financial Services, Firm Administration",NA,"University degree, preferably in finance/accounting or business administration combined with sound knowledge in finance and accounting, preferably a chartered accountant; 5+ years of experience in finance and accounting domain (preferably similar experience and/or working closely with senior management on various insight; analysis; strategic decision making and ad hoc or special projects); Fluent in English, with strong verbal and written communication skills; Excel Proficient (pivot tables, IF statements, lookups, conditional formatting) along with working knowledge on other MS Office programs such as PowerPoint, SAP system knowledge would be an added advantage; Excellent project management skills; able to independently prioritize; manage multiple/ambiguous tasks simultaneously; problem solving, making decisions, and resolving conflicts; Proactive and tenacious in follow up, self-motivated, “can-do attitude”, results-oriented with a high level of integrity; Have confidence in communicating with various levels of authority throughout the business (excellent communication skills to tailor messages over call, videoconferencing and via email to senior most stakeholders across functions and client service teams); Experience in a professional services environment, working with various functions and colleagues at all levels preferred; Able to inspire, guide, and support peers to achieve goals while managing individual needs and dynamics",NA,NA,NA,https://mckinsey.avature.net/careers/ApplicationMethods?folderId=94952
Ground Transportation & Accommodation Manager,"Gurugram, Travel, Transport & Logistics, Firm Administration",NA,"8+ years of credible experience in management of ground transportation, and knowledge of accommodation at leading organizations; A degree in hotel/travel management would be an added advantage; Ability to understand the global ground transportation and accommodation strategies and align them with the local business needs and requirements; In-depth understanding of the hotel industry and of ground transportation; Exceptional customer service focus; Strong analytical skills; Ability to work independently; Ability to manage multiple projects simultaneously; Ability to problem-solve and remove bottlenecks on the go; Exceptional organizational skills and superb attention to detail; Outstanding influencing and interpersonal skills; Ability to coach and manage others; Building credibility with leadership through integrity, commitment and a proven track record; Strategizing and thinking ahead to anticipate and manage the office's accommodation and ground transportation requirements; Expertise in negotiating contracts and RFPs; Strategic sourcing and budget/project management",NA,NA,NA,https://mckinsey.avature.net/careers/ApplicationMethods?folderId=91509
Human Resource Coordinator,Gurugram,NA,"3+ years of experience in people operations, managed services, contingent workforce or human resources; Experienced in making complex and time-sensitive decisions in a professional setting; Ability to dive into ambiguous situations, understand motivations, generate and communicate options, and drive to an effective resolution; Strong problem-solving capabilities combined with a bias to action; Ability to shift rapidly between the big picture and details without getting stuck in either; Strong customer service orientation framed by exceptional interpersonal and communication skills; Proven ability to handle confidential information, personal integrity, excellent judgement, and high ethical standards; Exposure to staffing/external workers, managed service provider, HR/vendor management/Procurement data systems is a plus",NA,NA,NA,https://mckinsey.avature.net/careers/ApplicationMethods?folderId=94850
Human Resources Administrator,Gurugram,NA,"Graduate degree, with a strong academic record; 1+ years of relevant professional work experience; Proficiency in HR systems such as SAP/SuccessFactors (People Central) for employee life cycle management processes; Comfort with Excel and Access; Strong integrity, maturity and fairness in dealing with members and confidential information; Ability to deliver results (e.g. to meet the requisite defined SLAs in HR operations); Comfortable in unstructured space/ambiguity; Strong customer service orientation; Outstanding organizational skills and attention to detail; ability to multi-task effectively; Exceptional interpersonal and communication skills",NA,NA,NA,https://mckinsey.avature.net/careers/ApplicationMethods?folderId=95261
Implementation Coach - Global Energy & Materials,"Bengaluru, Chennai, Gurugram, Kolkata, Mumbai, Chemicals, Operations",NA,"Bachelor's or master's degree in industrial or mechanical engineering, physics, chemistry, manufacturing or operations management (supplemented by technical training), with a strong quantitative underpinning and an outstanding academic record; Exceptional analytical and quantitative problem-solving skills; Demonstrated leadership ability in a team environment; Skills in lean manufacturing principles and Six Sigma methodologies; Experience with product ionization (process flow diagram, process automation, line automation); Experience with line automation/hardware e.g. PLCs, Robots, SCADA, VFDs etc.; Experience in IoT, Industry 4.0, digital use cases, dashboards; Expertise in root cause analysis for scrap and rework rejection; fish bone analysis, PFMEA etc.",NA,NA,NA,https://mckinsey.avature.net/careers/ApplicationMethods?folderId=95377
Implementation Facilitator - Global Energy & Materials,"Bengaluru, Gurugram, Kolkata, Mumbai, New Delhi, Chemicals, Operations",NA,"Bachelor's or master's degree in industrial or mechanical engineering, physics, chemistry, manufacturing or operations management (supplemented by technical training), with a strong quantitative underpinning and an outstanding academic record; Exceptional analytical and quantitative problem-solving skills; Demonstrated leadership ability in a team environment; Skills in lean manufacturing principles and Six Sigma methodologies; Experience with product ionization (process flow diagram, process automation, line automation); Experience with line automation/hardware e.g. PLCs, Robots, SCADA, VFDs etc.; Experience in IoT, Industry 4.0, digital use cases, dashboards; Expertise in root cause analysis for scrap and rework rejection; fish bone analysis, PFMEA etc.",NA,NA,NA,https://mckinsey.avature.net/careers/ApplicationMethods?folderId=94570
"Implementation Facilitator, Product Development and Procurement","Bengaluru, Gurugram, Kolkata, Mumbai",NA,"1+ years of experience in product development and design or product cost optimization or strategic sourcing/purchasing or supplier development or spend analysis or commodity strategy, or cost reduction, negotiations, etc.; preferred industries: automotive, semi-conductors, and consumer electronics; A bachelor’s degree is required, with preference in engineering domain; Strong analytical and problem-solving skills; Strong desire to learn and develop within a dynamic, self-led organization; Strong people skills - ability to engage all levels of the organization and work collaboratively in a team environment; Open to extensive travel to client sites; Ability to communicate complex ideas effectively, both verbally and in writing, in English",NA,NA,NA,https://mckinsey.avature.net/careers/ApplicationMethods?folderId=83746
"Implementation Facilitator/Senior Implementation Facilitator – FIG, McKinsey Implementation","Bengaluru, Chennai, Gurugram, Kolkata, Mumbai, Financial Services, Transformation",NA,"Undergraduate degree in Finance, Business Administration, or a related field is preferred; Minimum of 1 year of experience in financial services, fintech, or related industries, with a focus on credit and digital transformation initiatives; Strong understanding of financial products and services, particularly in retail, SME, and corporate banking; Exceptional problem-solving and analytical skills, with the ability to dissect complex issues, identify root causes, and propose actionable solutions; Excellent interpersonal and communication skills, with the ability to engage effectively with stakeholders at all levels; Proficiency in English, both written and verbal, is required; additional languages are a plus",NA,NA,NA,https://mckinsey.avature.net/careers/ApplicationMethods?folderId=95581
"Junior Analyst, US Corporate Tax",Gurugram,NA,"Semi-qualified CA, or an MBA finance with 1+ years of accounting and reconciliation experience in a multinational corporation (MNC) or an accounting firm; Excellent communication skills; Confident and collaborative team player; Initiative and desire to excel; Strong accounting and basic tax knowledge; Ability to develop relationships and network; Attention to detail, tenacious in following up; Ability to handle large amount of data",NA,NA,NA,https://mckinsey.avature.net/careers/ApplicationMethods?folderId=94747
Knowledge Analyst - TLI,"Gurugram, Travel, Transport & Logistics",NA,"MBA, Master’s degree or other advanced degree; 2+ years of experience in research, consulting, or corporate or operational roles in the travel sector (e.g. hotels, airlines, tourism); Superior problem-solving, analytical, and quantitative skills; Skills to communicate complex ideas effectively; Ability to engage and interact independently in a team environment and effectively with people at all levels in an organization; Good time-management skills with flexible and positive attitude; Experience in team-based time-constrained project delivery work and collaboration with colleagues across geographies and cultures; Ability to coach and mentor less tenured colleagues; Ability to thrive in a fast past and often ambiguous environment; Excellent verbal and written communications in English",NA,NA,NA,https://mckinsey.avature.net/careers/ApplicationMethods?folderId=95645
Manager of Software Delivery - GM&S Solutions,Gurugram,NA,"Bachelor's degree; master's degree or MBA is a plus; 9+ years of relevant and professional work experience as a manager accustomed to acting as the interface of business and technology in an agile, fast changing environment, ideally from Fortune 500 companies; Proven track record in managing implementation and/or solution deployment program and/or ongoing operations in the service industry; Experience in managing and coordinating off-shore operations; Experience working with large databases, data visualization tools, IT solution applications; exposure to Marketing & Sales function is a plus; Entrepreneurial drive and strong leadership skills; Highly proficient at problem-solving and is comfortable working with all levels of management; Ability to critically evaluate and clearly communicate issues and risks to clients and colleagues at the same time; Comfort managing and ensuring strict compliance with budgets; Strong focus on client services; analytical and strategic focus with the ability to drive exploration and draw conclusions from multiple data sources.; Knowledge of key client service processes - data management & solution support; Outstanding project management skills",NA,NA,NA,https://mckinsey.avature.net/careers/ApplicationMethods?folderId=94887
Manufacturing Implementation Facilitator,"Bengaluru, Chennai, Gurugram, Kolkata",NA,"Bachelor's or master's degree in industrial or mechanical engineering, physics, chemistry, manufacturing or operations management (supplemented by technical training), with a strong quantitative underpinning and an outstanding academic record; 2+ years of relevant experience in a manufacturing/analytics firm solving manufacturing/production/shop floor related planning and operational problems; Coding skills in Excel VBA/Excel Macros/R/Python/other open-source language is a must; Exposure to manufacturing and production planning modules of MES or ERP solutions like SAP, Oracle, etc. is good to have; Experience in energy consumption, yield improvements, quality improvements, asset and labor productivity is desirable; Exposure to industries like CPG, automotive, electronics, life sciences, metals and mining etc. is a plus; Excellent problem-solving skills, including the ability to disaggregate issues, identify root causes and recommend solutions; Ability to work under pressure and deliver to tight deadlines; Ability to work effectively with people at all levels in an organization and to collaborate within a team; Skills to communicate complex ideas effectively",NA,NA,NA,https://mckinsey.avature.net/careers/ApplicationMethods?folderId=94195
Office Services Coordinator,"Gurugram, Firm Administration",NA,"A graduate with a specialization preferably in management; 8+ years of experience in managing core ground transport operations; Proven expertise in digital transport management systems such as Move-in-Sync or Commute Ease including manual routing, managing fleet for more than 150 vehicles chauffeurs and transport supervisors; Proficiency in MS Office (Excel, Word, PowerPoint); ability to manage, analyze, and articulate the MIS for transport operations, including checking and verifying trip sheet, invoicing, etc.; Experience and confidence in managing transport for large events for the office; Exceptional organizational skills, attention to detail, and the ability to work independently under pressure",NA,NA,NA,https://mckinsey.avature.net/careers/ApplicationMethods?folderId=95649
Office Services Manager,"Bengaluru, Firm Administration",NA,"A minimum of a Diploma or bachelor’s degree is preferred.; 10+ years of experience in office services, workplace services, facilities, or real estate leadership, ideally in a shared services or professional services environment.; Analytical mindset and strong problem-solving skills.; Knowledge of safety regulations and compliance standards.; Proven record of leading a high-performing team with strong people development skills; able to create an environment that brings out the best in colleagues.; Resourceful with a proactive attitude, adaptability, creativity in problem-solving, and a strong desire to learn and advance.; Open, high-integrity, and collaborative working style that helps build credibility.; Passion and excitement for continuous improvement and a customer mindset; Agile methodology a plus.; Proficiency in MS Office Suite, particularly Excel for report management and trend analysis, with beneficial familiarity in tools like MoveInSync, PowerBI, Qualtrics, Tableau, and Miro.; Proven project management skills including measurement through KPIs and development of SOPs.; Preference for candidates with experience managing external workers or third-party resources.",NA,NA,NA,https://mckinsey.avature.net/careers/ApplicationMethods?folderId=95650
Principal Software Architect - Big Data,"Bengaluru, Gurugram, High Tech, Technology",NA,"Bachelor's degree in computer science or equivalent area; master's degree is a plus; 13+ years of experience in software development; 5+ years of experience in architecting SaaS/Web based customer facing products, leading engineering teams as a software/technical architect; Hands-on experience in designing and building B2B or B2C data intrinsic products; Working experience across multiple programming languages and frameworks with in-depth experience in one or more of the following: Scala OR Go-Lang OR Java; Experience with Big Data processing technologies like Spark or Databricks preferred; Hands-on experience with document stores like Elasticsearch and relational databases like PostgreSQL; Hands-on experience with container technologies like Docker, Kubernetes; Experience in engineering practices such as code refactoring, microservices, design and enterprise integration patterns, test and design driven development, continuous integration, building highly scalable applications, application and infrastructure security; Strong cloud infrastructure experience with Azure cloud; Experience in building event driven systems and working with message queues/topics; Knowledge of Agile software development process",NA,NA,NA,https://mckinsey.avature.net/careers/ApplicationMethods?folderId=94311
Principal Software Architect I - Periscope,"Bengaluru, Gurugram, High Tech, Marketing & Sales",NA,"Bachelor's degree in computer science or equivalent area; master's degree is a plus; 12+ years of experience in software development; 3+ years of experience in architecting SaaS/Web based customer facing products, leading engineering teams as a software/technical architect; Hands-on experience in designing and building B2B or B2C products; Hands-on experience working with Python, React, Typescript; Strong cloud infrastructure experience with Azure cloud / AWS / GCP; Azure preferred; Hands-on experience with container technologies like Docker, Kubernetes with Helm charts; Hands-on experience with relational databases like SQL Server, PostgreSQL and document stores like Elasticsearch or MongoDB; Hands-on experience with Big Data processing technologies like Spark or Databricks; Experience in engineering practices such as code refactoring, microservices, design and enterprise integration patterns, test and design driven development, continuous integration, building highly scalable applications, application and infrastructure security; Experience in building event driven systems and working with message queues/topics; Knowledge of Agile software development process",NA,NA,NA,https://mckinsey.avature.net/careers/ApplicationMethods?folderId=94444
Procurement Specialist - Source AI,"Bengaluru, Chennai, Gurugram, Automotive & Assembly, Operations",NA,"Bachelor's or master’s degree in engineering, business or supply chain; 5+ years of relevant industry/consulting experience in procurement and supply chain; Broad expertise in spending category optimization, both on direct and indirect; Exceptional problem-solving ability including logical reasoning, creative thinking, comfort with numbers and the ability to untangle complex issues; Understanding of research techniques, information sources, and statistical analysis/analytic techniques relevant to purchasing and operations; Strong proficiency in Excel, Word, PowerPoint, and relevant analytics/statistical packages; Ability to work effectively with people at all levels in an organization; Ability to communicate complex ideas effectively, both verbally and in writing; Ability to work well independently, manage own projects; Ability to work collaboratively in a team environment",NA,NA,NA,https://mckinsey.avature.net/careers/ApplicationMethods?folderId=95173
Product Manager - SAP Integrations with Employee Central Payroll,"Gurugram, High Tech, Technology",NA,"Strong functional knowledge of payroll systems for the UK, Ireland, Finland, Norway, US, and Canada.; Good understanding of standard SAP integrations with Employee Central Payroll.; Experience in production support for US and Canada Employee Central Payroll.; Ability to strategically scale the current support team as more countries implement Employee Central Payroll across different time zones.; Solid understanding of Employee Central Payroll to support payroll processes in the UK, Ireland, US, and Canada.; Hands-on experience in configuring Employee Central Payroll, particularly for the UK, Ireland, US, and Canada, to address bugs, change requests, and enhancements.; Proficiency in configuring the Payroll Control Center.; Extensive knowledge of P2P integration (Point to Point) replication, Employee Central Payroll, delustering, etc.; In-depth knowledge of US payroll, including legal requirements, vacation premiums, CFDI, social insurance, and other legal reporting.; Proven experience in modifying/creating payroll and time PCRs and schemes.; Ability to resolve configuration and functional business issues hands-on.; Involvement in unit testing, regression testing, and integration testing.; Experience maintaining large-scale enterprise applications, ensuring stability, uptime, and seamless operational efficiency of the end-to-end payroll process for Employee Central Payroll in the UK, Ireland, US, and Canada.; Experience working with multiple stakeholders, influencing change, and driving end-to-end user journey-based solution design.; Ability to create and influence roadmaps with a solid understanding of human resources and payroll processes.; Experience in Agile product delivery.; Strong problem-solving and communication skills (both written and verbal) that reflect structured, clear, and objective thinking.",NA,NA,NA,https://mckinsey.avature.net/careers/ApplicationMethods?folderId=95836
Product Manager I - Platform generative AI,"Bengaluru, Gurugram, High Tech, Technology",NA,"4+ years of product owner experience with strong product management toolkit, effectively working with cross-functional teams in an agile set-up across the full product development lifecycle; Prior experience in building products and driving impact with AI and/or generative AI space, contributing from strategy to delivery (preferred); Proven track-record in independently successfully delivering impact by identifying user needs, translating this into scoped product requirements / user stories, managing JIRA (or equivalent), running agile ceremonies and collaborating with technical teams ensuring feature delivery and bug fixes; Comfortable working in fast-paced environments and navigating complex, rapidly changing AI landscapes; consulting experience is valued; Strong execution and entrepreneurial mindset with the ability to identify, drive and deliver on critical paths and product strategies in a timely manner; Exceptional communication and stakeholder management skills with strong team player mindset working side by side with peers to deliver strategic bigger objectives; Excellent analytical and problem-solving & structuring skills with ability to translate technical concepts, user analytics and user pain points into product requirements; a technical understanding of AI and ML products is preferred; Some flexibility in working hours is required to accommodate different time zones as well as up to 20% international travel required due to the geographic dispersion of the team",NA,NA,NA,https://mckinsey.avature.net/careers/ApplicationMethods?folderId=95391
Project Coordinator,Gurugram,NA,"3+ years of project management experience with a focus on high-stakeholder engagement and a proven ability to drive projects and initiatives under tight deadlines; Excellent project management, stakeholder management, and strong communication skills (both verbal and written); A strong ownership mentality, a self-driven approach to work, and the ability to navigate ambiguous environments effectively",NA,NA,NA,https://mckinsey.avature.net/careers/ApplicationMethods?folderId=95735
Proposal Analyst,"Gurugram, Public Sector, Firm Administration",NA,"University degree; 2+ years of experience in a client services setting, with experience in one or more of: public sector procurement, client development, business development, proposal management, communications; Basic understanding of professional services client development; Additional proposal training/certifications (APMP - Association of Proposal Management Professionals); Shipley training or experience a plus; Proven project management skills; Strong conceptual and analytical problem-solving skills; Excellent communications skills in English, written and verbal (e.g., ability to synthesize and convey complex information clearly and compellingly); Proficiency in Microsoft Office products (i.e. PowerPoint, Excel, Ms Word, Adobe Acrobat); Results-oriented; entrepreneurial and self-driven; Collaborative; able to build relationships and influence stakeholders across roles and levels; High professional and ethical standards and respect for confidentiality",NA,NA,NA,https://mckinsey.avature.net/careers/ApplicationMethods?folderId=94318
Recruiter,"Bengaluru, Gurugram, Mumbai, High Tech, Firm Administration",NA,"Bachelor’s degree required; advanced degree preferred; 2+ years of recruitment experience, with expertise in campus and professional hiring; Exceptional organizational and administrative skills with strong attention to detail; Ability to manage multiple priorities in a dynamic environment; Proven ability to communicate effectively, both written and oral; Strong strategic thinking and problem-solving skills; Proficient in database management, pipeline monitoring, and KPI tracking; Proficiency in PowerPoint, Excel, and ATS platforms (e.g., Avature); Entrepreneurial mindset with the ability to take initiative and adapt to ambiguity; Strong client service orientation and ability to build relationships with senior leadership; Commitment to confidentiality and ethical recruiting practices",NA,NA,NA,https://mckinsey.avature.net/careers/ApplicationMethods?folderId=94578
Research Science Analyst - Global Banking Pools,"Gurugram, Financial Services",NA,"Master's degree in economics or finance related field, mathematics, statistics is an added advantage; Basic understanding of banking economics and macroeconomics; Familiarity with banks' financial reports is a plus; Experienced user of Excel; R, Python, other advanced analytics tool or programming knowledge is a plus; Strong analytical capability; ability to synthesize complex relationships; Outstanding attention to detail and dedication to data accuracy; Ability to work efficiently under pressure and keep tight deadlines; Strong written and verbal communication skills in English; Professional attitude and service orientation; Ability to work independently as well as in a team; Entrepreneurial and self-starters who enjoy the challenges and rewards of research work in a dynamic and changing environment",NA,NA,NA,https://mckinsey.avature.net/careers/ApplicationMethods?folderId=94577
Security Analyst,"Bengaluru, Gurugram, High Tech, Technology",NA,"2+ years of experience in a similar information security role; Understanding of DevSecOps principles, integrating security into CI/CD pipelines & Familiarity with Policy as Code; Experience with security concepts, technologies and tooling, e.g. vulnerability management tools, SCA, SAST, DAST, RASP, IAM; Experience of conducting risk assessments, threat modeling and information security reviews; Excellent problem solving, organizational skills, and attention to detail; Strong written and verbal communication",NA,NA,NA,https://mckinsey.avature.net/careers/ApplicationMethods?folderId=95962
Senior Cloud Developer - Golang,"Gurugram, Lisbon, Prague",NA,"Degree in relevant field, or equivalent experience; 5+ years of industry experience with Software Engineering best practices, with a focus on cloud infrastructure; Experience with design, development, deployment, and managing secure and scalable cloud infrastructure solutions; Hands-on experience with troubleshooting and resolving cloud infrastructure issues to maintain high availability and uptime; Major cloud platforms: AWS, Azure, GCP (with a strong focus on at least one); Infrastructure as Code (IaC) tools: Terraform and Ansible; Programming languages: Golang; CI/CD tools: GitHub Actions, CircleCI, Jenkins, or GitLab; Containerization technologies: Docker, Kubernetes, Helm); Monitoring and data analyzing tools: Splunk, Elastic, Prometheus, and Grafana; Linux based operating systems; Ability to collaborate with developers and other engineers to implement Site Reliability Engineering (SRE) best practices; Ability to work effectively in Agile development teams; Strong problem-solving and analytical skills to identify and resolve complex issues",NA,NA,NA,https://mckinsey.avature.net/careers/ApplicationMethods?folderId=88803
Senior Cloud Infrastructure Engineer - Periscope,"Bengaluru, Gurugram, High Tech, Technology",NA,"Bachelor's or master's degree in computer science or equivalent area; 6+ years of experience in technology solutions preferably working with microservice architectures focusing on SaaS delivery models; Demonstrate extensive experience working with leading Cloud Providers, particularly AWS and Azure; Very strong in Linux systems and a wide range of DevOps tools, including Ansible, Terraform, Helm, Docker, Kubernetes, and ArgoCD; Production grade experience and knowledge of load balancing, network security, standard network protocols (HTTP/s, DNS, etc.); Experience in supporting web front-end and data-intensive applications, including Ingress traffic, REST APIs, Postgres, and ETL workloads; Leverage your programming skills in Python or Golang to contribute to development tasks and enhance system functionality; Exceptional troubleshooting and debugging skills, effectively resolving complex issues to ensure uninterrupted system operation; Strong experience in automation ensuring to uphold system quality attributes such as performance, scalability, availability, fault-tolerance, security, deployment, and maintainability; Exposure to modern monitoring, alerting and logging tools: Elastic, NewRelic, Dynatrace; Strong communication skills to effectively convey technical constraints and decisions, fostering alignment and collaboration across all levels; Ability to collaborate in an inclusive team environment, where listening, communication, evaluation, and prioritization thrive even in high-pressure, mission-critical situations",NA,NA,NA,https://mckinsey.avature.net/careers/ApplicationMethods?folderId=94382
Senior Data Engineer - Periscope,"Bengaluru, Gurugram, High Tech, Marketing & Sales",NA,"Bachelor’s degree/master's degree with high rankings, with 3+ years of professional work experience; Excellent written and verbal communication skills in English; Self-motivated with strong sense of problem-solving, ownership and action-oriented mindset; Able to cope with pressure and demonstrate a reasonable level of flexibility/adaptability; Track record of strong problem-solving, requirement gathering, and leading by example; Able to work well within teams across continents/time zones with a collaborative mindset",NA,NA,NA,https://mckinsey.avature.net/careers/ApplicationMethods?folderId=94982
Senior Design Researcher,"Bengaluru, Chennai, Gurugram, Lisbon, Phoenix, Poznan, Prague, San Jose, Tampa, Firm Administration",NA,"Degree in Design, Cognitive Science, Sociology, Psychology, Anthropology, Human-Computer Interaction, or related field (preferred but not mandatory with relevant experience); 3+ years’ experience in user research for products or services; Expertise in behavioral and attitudinal research; Advanced statistical methods applied to large datasets; Familiarity with data visualization tools like Tableau or Power BI; Experience designing, executing, and managing large-scale surveys with robust sampling; Ability to prioritize quantitative research for actionable insights; Strong understanding of the digital product/service lifecycle and extensive knowledge of research methodologies; Excellent problem-solving skills and leadership in research initiatives",NA,NA,NA,https://mckinsey.avature.net/careers/ApplicationMethods?folderId=94874
Senior Executive Assistant,"Bengaluru, Chennai, Gurugram, Mumbai",NA,"University degree or equivalent educational qualification; Prior experience of 10+ years as an Executive Assistant within a Fortune 500 company or a professional services firm, supporting high-level executives such as Managing Directors or CEOs; Outstanding verbal and written communication abilities; Proficient in Microsoft Office Suite, including Word, Excel, PowerPoint, and Outlook; Comprehensive knowledge of travel-related logistics, including booking flights, trains, accommodations, and arranging for travel documents like passports and visas; Skilled in planning, organizing, and executing significant meetings and conferences across various international time zones and cultures, maintaining composure and professionalism; Professional demeanor in phone communications, ensuring calls are handled promptly, messages are accurately recorded, and appropriate responses are provided when necessary; Demonstrates sound judgment in decision-making and adopts a pragmatic approach to problem-solving; Capable of multitasking effectively in a dynamic, deadline-driven environment, even when faced with uncertainty and frequent changes; Effective communicator with all stakeholders to ensure the delivery of a high-quality end product; Flexible and willing to work extended hours during peak periods",NA,NA,NA,https://mckinsey.avature.net/careers/ApplicationMethods?folderId=94217
Senior Front-End Software Engineer,"Gurugram, High Tech, Technology",NA,"Bachelor’s or master’s degree in computer science or a related field; 6+ years of practical experience in developing enterprise-grade web applications using contemporary technologies; Proficiency in JavaScript (ES6+), TypeScript, and frameworks such as Node.js, Express.js, and Next.js; Demonstrated ability to design scalable, modular systems and develop components independently; Strong understanding of frontend technologies, including HTML, CSS, SCSS, and frameworks like React and Next.js; Extensive experience in utilizing RESTful APIs, with a solid grasp of asynchronous programming and event-driven architecture; Expertise in clean coding practices and a good understanding of design patterns; Experience in writing unit and integration tests using frameworks like Jest, Mocha, Cypress, or Chai; Significant experience with cloud-native solutions on Azure (preferred), GCP, or AWS; Excellent debugging skills with a proactive approach to addressing technical debt; Strong collaboration and communication abilities, with a passion for mentoring and developing fellow engineers",NA,NA,NA,https://mckinsey.avature.net/careers/ApplicationMethods?folderId=94826
Senior Full Stack Engineer,"Bengaluru, Gurugram",NA,"Bachelor’s degree in Computer Science or a related field; advanced degree preferred; Experience with React SPA using TypeScript or Angular for building dynamic applications; Proficiency in modern frontend frameworks and best practices for responsive/adaptive UI design; Hands-on experience with Backend frameworks like Express.Js(Node) / Ruby on Rails, particularly in building tightly coupled DB integrations like RDBMS, NO SQL etc.; Proficiency in JSONAPI implementation, with a focus on optimizing slow serialization processes; Deep understanding of complex authorization mechanisms and their impact on system architecture; Experience in knowledge and integration of relational and no SQL databases (e.g., PostgreSQL, MySQL, Mongo). Experience with graphDb is an added advantage; Strong understanding of network communication protocols (HTTP, TCP/IP, UDP, SMTP, DNS); Proficiency in best coding practices, design patterns, and balancing trade-offs in complex systems; Hands-on experience with CI/CD pipelines, microservices architecture, and DevOps tools (Docker, Kubernetes); Experience with cloud computing platforms (AWS or Azure) for scalable infrastructure; Self learning attitude is MUST HAVE; Passionate about technology and the transformative impact of emerging and disruptive innovations; Excellent verbal and written communication skills in English, with strong interpersonal abilities; Exceptional problem-solving skills with the ability to distill complex information into clear, actionable solutions; Demonstrated ability to provide technical excellence while adhering to Agile engineering practices (e.g., DRY, TDD, CI); Strong leadership and mentorship abilities with an entrepreneurial mindset",NA,NA,NA,https://mckinsey.avature.net/careers/ApplicationMethods?folderId=95521
Senior Implementation Facilitator - Product Development & Procurement,"Bengaluru, Gurugram, Mumbai",NA,"2+ years of experience in product development and design or product cost optimization or strategic sourcing/purchasing or supplier development or spend analysis or commodity strategy, or cost reduction, negotiations, etc.; preferred industries: automotive, semi-conductors, and consumer electronics; A bachelor’s degree is required, with preference in engineering domain; Master’s degree (MBA/M.Tech/ME/MS) is preferred; Strong analytical and problem-solving skills, with ability to independently structure and design the solution; Strong desire to learn and develop within a dynamic, self-led organization; Strong people skills - ability to engage all levels of the organization and work collaboratively in a team environment; Open to extensive travel to client sites; Ability to communicate complex ideas effectively, both verbally and in writing, in English",NA,NA,NA,https://mckinsey.avature.net/careers/ApplicationMethods?folderId=83516
Senior Implementation Facilitator- People Organization & Performance,"Bengaluru, Gurugram, Kolkata, Mumbai, Organizational Structure",NA,"2+ years of experience in change management, focusing on HR and governance processes; Experience in leading large-scale change management projects, ideally from consulting backgrounds; A master’s degree (MBA/M.Tech/psycology) is preferred; Strong analytical and problem-solving skills; Strong desire to learn and develop within a dynamic, self-led organization; Strong people skills - ability to engage all levels of the organization and work collaboratively in a team environment; Open to extensive travel to client sites; Ability to communicate complex ideas effectively, both verbally and in writing, in English",NA,NA,NA,https://mckinsey.avature.net/careers/ApplicationMethods?folderId=94456
Senior Professional Development Administrator,"Gurugram, Mumbai",NA,Master's degree in human resources or a related field; 1+ years of professional experience in staffing/ resource management; Expertise in a consulting or multinational environment; Strong interest in talent management and people development; Excellent interpersonal and communication skills; Leadership skills with a strategic mindset; Capability to work under pressure with agility; Proficiency in data analysis and MS-Excel; An innovative approach with a readiness to problem-solve,NA,NA,NA,https://mckinsey.avature.net/careers/ApplicationMethods?folderId=95957
Senior Salesforce Developer,"Bengaluru, Gurugram, High Tech, Technology",NA,"Bachelor's degree, preferably in Computer Science, Information Technology, Computer Engineering, or related IT discipline; or equivalent experience; 5-6 years of total IT experience with at least 5+ years of Salesforce project development experience; Required certifications both Platform Developer 1 and Platform Developer 2; Hands on development experience using Salesforce configuration and customizations using Apex, Visualforce, Triggers, Lightning components, Scheduled and Batch classes, etc; 5+ years of experience with SFDC configuration and custom development within Sales Cloud, Service Cloud or equivalent Salesforce Cloud technologies; 2+ years of experience architecting and/or engineering Cloud solutions; Ability to migrate Salesforce classic features to Lightning experience, including converting Visualforce pages to lightning components and / or using Lightning Design System with Visualforce pages; Knowledge of Product Development Lifecycle and DevOps Tools like GIT, Jenkins, JIRA etc; Ability to work collaboratively in a creative, Agile environment and manage agile task assignments; Ability to understand and convert business requirements into solution designs; Experience integrating Salesforce into other platforms such as Middleware and ETL tools",NA,NA,NA,https://mckinsey.avature.net/careers/ApplicationMethods?folderId=93639
Senior Search Engineer I,"Bengaluru, Gurugram, High Tech, Technology",NA,"Bachelor's degree, preferably in computer science, information technology, computer engineering, or related IT discipline; or equivalent experience; Experience with OpenSearch/Elastic Search, including knowledge of text analyzers, cluster management, Elasticsearch query DSL, aggregations, highlighting, percolation, and system scaling; Ability to design indexing processes for large data volumes; Experience in deploying web applications, ingestion and search pipelines, and microservices in production cloud environments within the software industry; Proficiency in programming with Java Spring Boot Microservices; Capability to troubleshoot issues independently; Knowledge of Python programming is advantageous; Understanding of semantic search and vector databases; Familiarity with Solr is beneficial; Ability to translate business requirements into technical solutions",NA,NA,NA,https://mckinsey.avature.net/careers/ApplicationMethods?folderId=93794
Senior Software Engineer,"Bengaluru, Gurugram, Retail, Technology",NA,"A degree in computer science or a related field; 6+ years' experience in software development, specifically in constructing complex enterprise systems with extensive data processing requirements; Proficient in a range of application development technologies with deep expertise in Python, React or Golang; Demonstrable experience with relational databases such as SQL Server and PostgreSQL; Strong proficiency in cloud infrastructure, with a preference for experience in AWS and/or Azure environments; Skilled in the use of container technologies including Docker and Kubernetes; Proficient in modern engineering practices including code refactoring, application of design patterns, design-driven development, continuous integration, scalability of applications, and application security; Familiar with the Agile software development methodology and proficient with performance optimization tools; Excellent analytical and problem-solving skills, with a proven track record of developing innovative and efficient solutions; Capable of working effectively under pressure and managing client expectations; Strong focus on customer service and quality, with the ability to work independently as well as collaboratively in diverse team settings; prior experience leading a small team is advantageous",NA,NA,NA,https://mckinsey.avature.net/careers/ApplicationMethods?folderId=94313
Senior Software Engineer - Backend Engineer with extensive DB experience,"Bengaluru, Gurugram",NA,"Collaborate with cross-functional teams to understand software requirements and design scalable backend solutions; Develop server-side logic, RESTful APIs, and web services using languages such as Python; Design and implement data processing workflows and ETL pipelines for structured and unstructured data; Integrate data from various sources (APIs, databases, streaming services) for analytical and operational use; Design and optimize database schemas for efficient data storage and retrieval; Database Proficiency: (Relational Databases: Strong knowledge of SQL and experience with MySQL or PostgreSQL, including query optimization; NoSQL Databases: Experience with MongoDB, Cassandra, or DynamoDB for flexible and scalable data storage; Graph Databases: Ideal knowledge of Neo4j for managing complex relationships and interconnected data); Design and maintain data pipelines using tools like Apache Airflow or Luigi; Implement data modeling, data warehousing, and ETL processes to support analytics and reporting; Optimize and manage big data solutions using technologies like Apache Spark or Flink for distributed data processing; Monitor and analyze system performance to identify bottlenecks and optimize server-side infrastructure; Optimize data storage and query performance for both SQL and NoSQL databases; Improve the efficiency of data processing pipelines and big data workflows; Stay updated on emerging technologies to improve scalability and efficiency; Work closely with front-end developers to integrate APIs and backend components; Collaborate with data scientists and analysts to understand data requirements and deliver relevant solutions; Perform code reviews and provide feedback to ensure adherence to quality standards; Proficiency in building RESTful APIs and microservices architectures; Proficiency in version control tools like Git; Knowledge of CI/CD pipelines and DevOps practices; Experience with containerization and orchestration tools like Docker and Kubernetes; Familiarity with cloud platforms (AWS, Azure, or Google Cloud) for scalable infrastructure; Self learning attitude is MUST HAVE; Strong problem-solving and analytical skills; Excellent communication and collaboration skills for working with cross-functional teams; Adaptability to new technologies and a fast-paced work environment; Ability to translate complex technical requirements into clear, actionable solutions",NA,NA,NA,https://mckinsey.avature.net/careers/ApplicationMethods?folderId=95522
Senior Software Engineer - Python FullStack,"Bengaluru, Gurugram, Retail, Technology",NA,"A degree in computer science or a related field; 6+ years' experience in software development, particularly in designing and implementing complex enterprise systems that handle large-scale data processing, and in-depth skills with at least two: Java or Python, Spark, Secure Coding, Synchronous/Asynchronous Microservices; Experience in frontend development with a good understanding of Angular or React JS and its core principles; Demonstrable experience with relational databases (e.g., PostgreSQL), NoSQL databases (e.g., Mongo, Cosmos and Elastic search), and in-memory databases (e.g., Redis); Proficient in cloud infrastructure, with a strong preference for experience in Azure, GCP, and AWS environments; Skilled in the use of container technologies including Terraform, Docker and Kubernetes, with experience in containerizing Python or Spark applications and managing them in production environments; Good to have experience in Big Data platforms such as Databricks or Snowflake; Proficient in modern engineering practices including code refactoring, application of design patterns, design-driven development, continuous integration, scalability of applications, and application security; Familiar with the Agile software development methodology and proficient with performance optimization and application profiler tools; Excellent analytical and problem-solving skills, with a proven track record of developing innovative and efficient solutions; Capable of working effectively under pressure and managing client expectations",NA,NA,NA,https://mckinsey.avature.net/careers/ApplicationMethods?folderId=94443
Senior Software Engineer - generative AI,"Bengaluru, Gurugram, High Tech, Technology",NA,"5+ years of extensive IT experience, with strong command of backend engineering; Knowledge of containerization; Experience with the Slack app platform for application development and management; Familiarity with GitHub for version control and code collaboration; Proficiency in using AWS cloud platform for deploying and managing applications; Experience with CI/CD pipeline setup and management; Expertise with SQL databases, particularly PostgreSQL or cloud equivalent such as Amazon RDS; Strong programming skills in Python; Software Engineer (5 years minimum experience preferably)",NA,NA,NA,https://mckinsey.avature.net/careers/ApplicationMethods?folderId=94660
Senior Software Engineer I,"Bengaluru, Gurugram, High Tech, Technology",NA,"Bachelor's/master’s degree in computer science or equivalent experience; 7+ years of overall software development experience with focus on web technologies with 3+ years of building applications on ServiceNow; Strong expertise to integrate securely between systems by writing and utilizing Web Services and other APIs; Hands-on experience with extending the ServiceNow schema to custom applications and working on ServiceNow platform capabilities like UI Builder, ACLs and scoped applications; Good understanding and experience of Full stack technologies like HTML, CSS, JavaScript; Good understanding and experience implementing modern and responsive SPA web applications using one or more of the following, TypeScript, AngularJS, React, Redux, Bootstrap or modern open-source web frameworks; Proficient in data manipulation and working with databases both relational and non-relational; Good understanding and experience with developing secure, robust, stable and scalable code including advanced concepts such as OOP; Work within an agile/scrum environment is highly desired; Strong analytical and problem-solving skills with the ability to develop creative and efficient solutions; Excellent interpersonal, problem solving and communication skills; Experience leading and influencing products with customer focus in collaborative environments; Ability to quickly learn and apply new technologies; Comfortable working in a team and highly collaborative environment; Fluent in English, both verbal and written",NA,NA,NA,https://mckinsey.avature.net/careers/ApplicationMethods?folderId=95052
Site Reliability Engineer II,"Gurugram, High Tech, Technology",NA,"3+ years of experience with software engineering best practices; Sound experience in Public Cloud platforms (preferably AWS); Proficiency in container orchestration (Kubernetes, Docker, Helm); Experience with programming languages (preferably Python or Golang); Knowledge of IaC (preferably Terraform); Experience in SCM and CI/CD tooling (GitHub, Jfrog); Experience with monitoring and data analytics tools (Dynatrace, Splunk); Sound communication skills; Able to work independently and mentor junior colleagues; Knowledge of web and database products and rest APIs (Nginx, Postgres, Mongo, Redis); Understanding of load balancing, network security, standard network protocols; Experience with Jira, Confluence, ServiceNow, Salesforce or related tools; Experience with Azure components and services is a big plus",NA,NA,NA,https://mckinsey.avature.net/careers/ApplicationMethods?folderId=94401
Software Delivery Analyst,"Gurugram, Healthcare Systems & Services, Technology",NA,"3+ years of experience in analytics/data science; healthcare experience is an advantage; Deep interest and skillset in analytics and a passion for improving the way hospitals deliver patient care; Strong analytical toolkit with proficiency in SQL, Excel, Tableau prep, PowerPoint; Python would be a plus; Experience working with large datasets, data visualization tools, machine learning, and statistics preferred; Demonstrates entrepreneurship, professionalism and presence to succeed in a team-based setting on the ground with clients; Enjoys hands-on change management and operational implementation involving multiple stakeholders across a hospital organization; Sound problem-solver who can quickly process complex information and present it clearly and simply during change transformation efforts with clients; Ability to work well with multi-disciplinary teams across continents/time zones",NA,NA,NA,https://mckinsey.avature.net/careers/ApplicationMethods?folderId=94350
"Software Delivery Specialist - Solutions, Periscope","Gurugram, High Tech, Technology",NA,"Bachelor’s or master’s degree (MBA is a plus); 9+ years of relevant professional work experience accustomed to acting as the interface of business and technology; Strong project management skills (on time, within budget, according to scope, and with flexibility when required, etc.); Knowledge of MS Excel, Power BI, Alteryx, Tableau or SQL; Strong knowledge of working with large databases, data visualization tools, IT solution applications; Able to incorporate business context to present and describe technical functionalities to that less versed in technology; Excellent written and verbal communication skills in English; Creative problem-solving skills; comfortable with handling risks and dealing with ambiguous situations; Analytical and strategic focus, with ability to drive exploration and draw conclusions from multiple data sources; Keen understanding of process and knowledge of key client service processes (data management & solution support); Thoughtful and comfortable communicator (in person or on paper); ability to facilitate discussions and conduct training; Self-motivated with strong sense of ownership and action-oriented mindset; Able to work well within teams across continents/time zones with a collaborative mindset; Ability to act autonomously, bringing structure and organization to work; Strict compliance with initial budget & planning; managing any delays or overruns with service lines; Comfortable with ambiguity, ability to interact in a fluid and unstructured environment; High level of entrepreneurship, creativity, resilience and people leadership skills",NA,NA,NA,https://mckinsey.avature.net/careers/ApplicationMethods?folderId=94267
Software Engineer - II SAP ABAP,"Bengaluru, Gurugram, High Tech, Technology",NA,"Degree from an accredited college or university in a technology-related field; 4+ years of total IT experience in SAP ERP and integration architectures; Must have S/4 HANA implementation experience from prepare/explore to run phase; Hands-on expertise in ABAP, ABAP OO, OData, Fragmented Adobe Forms, Adobe Forms, ABAP New Syntax, and ABAP Cloud; Hands-on experience in CDS, AMDP, Table-Functions, RAP, SAP Clean Core concepts, in-app or key user extensibilities; Understanding of SAP functional requirements, conversion into technical design and development using the ABAP language for DDIC, report, interface, conversion, enhancement, and form implementation projects; Understanding SAP notes and implementation of the same both in manual and via SNOTE; Experience in building applications in RAP (Restful ABAP Programming) with managed and unmanaged scenarios (highly preferred); Understanding of S/4 HANA Extensibility options and experience and knowledge in developer extensibility (embedded steampunk) (highly preferred); Strong business process knowledge in one or two SAP functional areas (FI preferred); Experience in analyzing business processes and designing efficient technical solutions; Accountable for code reviews, code scan processes, and dependency analysis to ensure code quality and resolution of defects; Exposure to developing basic Fiori elements using ABAP CDS and RAP (preferred); SAP ABAP certifications (preferred); Strong interpersonal, written, and verbal communication skills",NA,NA,NA,https://mckinsey.avature.net/careers/ApplicationMethods?folderId=91092
Software Engineer II - Build by McKinsey,"Bengaluru, Gurugram, High Tech, Technology",NA,"4+ years of experience developing full-stack applications by writing code that is readable, testable, maintainable, and scalable; Demonstrated experience working collaboratively with other developers, as well as technical and non-technical people within software teams; Demonstrated knowledge and hands-on experience across the full application stack with some of the following languages/frameworks: UI: JavaScript, TypeScript, React.js, Angular.js, Next.js, Vue.js, Java, Sprint, C#, Node.js, SQL, MongoDB, cloud-native databases, AWS, Azure, GCP, Jenkins, Docker, Circle CI, Travis; Experience working in Agile teams, including active participation in sprint ceremonies; Undergraduate or master’s degree; or equivalent experience",NA,NA,NA,https://mckinsey.avature.net/careers/ApplicationMethods?folderId=94825
Software Engineer II - Platform GenAI,"Bengaluru, Gurugram, High Tech, Technology",NA,"3+ years of experience as a Software Engineer; Strong programming skills in Python; Expertise in React and NextJS; Expertise with SQL databases, particularly PostgreSQL or cloud equivalent such as Amazon RDS; Experience utilizing LLMs and prompt engineering; Experience with CI/CD pipeline setup and management.; Familiarity in using AWS cloud platform for deploying and managing applications, particularly AWS ECS; Familiarity with GitHub for version control and code collaboration.; Knowledge of containerization; Strong conceptual problem-solving; Ownership mindset; Comfortable working in a fast-paced environment",NA,NA,NA,https://mckinsey.avature.net/careers/ApplicationMethods?folderId=95397
Software Engineering Manager - Periscope,"Bengaluru, Gurugram, Retail, Technology",NA,"Bachelor's or master's degree in computer science or equivalent area; 13+ years of total experience in building enterprise software products that are customer facing B2B or B2C products; 5+ years of successful experience in managing engineering teams; 5+ years of experience in big data and cloud related technologies including AWS/Azure, SOA with API, REST, RPC and distributed systems with Spark/Databricks; Technical credibility through lengthy software engineering experience (ideally full-stack); Experience working with and/or managing geographically distributed teams; Actively coached, mentored and grown team members in their careers; Ability to thrive with a high level of self-direction, autonomy and responsibility; Track record of recruiting and retaining great people to your teams; Working knowledge of modern-day DevOps and software development practices; Familiarity of compliance and certifications, e.g. SOC2 is a plus; Excellent written and verbal communication skills",NA,NA,NA,https://mckinsey.avature.net/careers/ApplicationMethods?folderId=95228
